序号,名称,链接
1,红楼梦 ,https://book.douban.com/subject/1007305/
2,活着 ,https://book.douban.com/subject/4913064/
3,1984,https://book.douban.com/subject/4820710/
4,百年孤独,https://book.douban.com/subject/6082808/
5,三体全集 : 地球往事三部曲,https://book.douban.com/subject/6518605/
6,哈利・波特,https://book.douban.com/subject/24531956/
7,飘,https://book.douban.com/subject/1068920/
8,三国演义（全二册） ,https://book.douban.com/subject/1019568/
9,动物农场,https://book.douban.com/subject/2035179/
10,房思琪的初恋乐园 ,https://book.douban.com/subject/27614904/
11,福尔摩斯探案全集（上中下）,https://book.douban.com/subject/1040211/
12,白夜行,https://book.douban.com/subject/10554308/
13,小王子,https://book.douban.com/subject/1084336/
14,安徒生童话故事集,https://book.douban.com/subject/1046209/
15,天龙八部,https://book.douban.com/subject/1255625/
16,撒哈拉的故事,https://book.douban.com/subject/1060068/
17,杀死一只知更鸟 ,https://book.douban.com/subject/6781808/
18,呐喊,https://book.douban.com/subject/1449351/
19,明朝那些事儿（1-9） : 限量版,https://book.douban.com/subject/3674537/
20,沉默的大多数 : 王小波杂文随笔全编,https://book.douban.com/subject/1054685/
21,失踪的孩子 : 那不勒斯四部曲4 ,https://book.douban.com/subject/30172069/
22,新名字的故事 : 那不勒斯四部曲2 ,https://book.douban.com/subject/26986954/
23,中国历代政治得失,https://book.douban.com/subject/1003479/
24,局外人,https://book.douban.com/subject/4908885/
25,人类简史 : 从动物到上帝 ,https://book.douban.com/subject/25985021/
26,邓小平时代,https://book.douban.com/subject/20424526/
27,围城,https://book.douban.com/subject/1008145/
28,平凡的世界（全三部）,https://book.douban.com/subject/1200840/
29,野草,https://book.douban.com/subject/1915958/
30,乡土中国,https://book.douban.com/subject/1795079/
31,悉达多 : 一首印度的诗 ,https://book.douban.com/subject/26980487/
32,笑傲江湖（全四册）,https://book.douban.com/subject/1002299/
33,白鹿原 ,https://book.douban.com/subject/10564071/
34,霍乱时期的爱情,https://book.douban.com/subject/10594787/
35,肖申克的救赎 ,https://book.douban.com/subject/1829226/
36,东方快车谋杀案 ,https://book.douban.com/subject/1827374/
37,基督山伯爵,https://book.douban.com/subject/1085860/
38,江城 ,https://book.douban.com/subject/7060185/
39,我与地坛 : 史铁生代表作,https://book.douban.com/subject/1209899/
40,彷徨,https://book.douban.com/subject/1449348/
41,月亮和六便士,https://book.douban.com/subject/1858513/
42,献给阿尔吉侬的花束,https://book.douban.com/subject/26362836/
43,万历十五年,https://book.douban.com/subject/1041482/
44,城南旧事 : 纪念普及版,https://book.douban.com/subject/1254588/
45,罗杰疑案 : 阿加莎・克里斯蒂侦探作品集02 ,https://book.douban.com/subject/21371175/
46,艺术的故事,https://book.douban.com/subject/3162991/
47,卡拉马佐夫兄弟 ,https://book.douban.com/subject/1856494/
48,射雕英雄传,https://book.douban.com/subject/1044547/
49,追风筝的人 ,https://book.douban.com/subject/1770782/
50,许三观卖血记 ,https://book.douban.com/subject/4760224/
51,故事新编,https://book.douban.com/subject/2046909/
52,寻路中国 : 从乡村到工厂的自驾之旅 ,https://book.douban.com/subject/5414391/
53,刀锋,https://book.douban.com/subject/2035162/
54,朝花夕拾,https://book.douban.com/subject/1449352/
55,格林童话全集,https://book.douban.com/subject/1043008/
56,无人生还 ,https://book.douban.com/subject/3006581/
57,嫌疑人X的献身,https://book.douban.com/subject/3211779/
58,树上的男爵 ,https://book.douban.com/subject/6789605/
59,黄金时代 : 时代三部曲,https://book.douban.com/subject/1089243/
60,史记（全十册） : （全十册）,https://book.douban.com/subject/1077847/
61,中国少年儿童百科全书（全四册）,https://book.douban.com/subject/1028409/
62,傲慢与偏见,https://book.douban.com/subject/1083428/
63,悲惨世界（上中下）,https://book.douban.com/subject/1205054/
64,鼠疫 ,https://book.douban.com/subject/24257229/
65,厌女 : 日本的女性嫌恶,https://book.douban.com/subject/25836270/
66,历史深处的忧虑 : 近距离看美国之一 ,https://book.douban.com/subject/1027191/
67,上帝掷骰子吗 : 量子物理史话,https://book.douban.com/subject/1467022/
68,诗经,https://book.douban.com/subject/1883245/
69,永恒的终结 : 关于时间旅行的终极奥秘和恢宏构想 ,https://book.douban.com/subject/25829693/
70,西游记（全二册）,https://book.douban.com/subject/1029553/
71,神雕侠侣,https://book.douban.com/subject/1255624/
72,台北人 ,https://book.douban.com/subject/5337248/
73,文学回忆录 : 1989―1994,https://book.douban.com/subject/20440644/
74,秋园 ,https://book.douban.com/subject/34998019/
75,置身事内 : 中国政府与经济发展 ,https://book.douban.com/subject/35546622/
76,哭泣的骆驼,https://book.douban.com/subject/1029111/
77,一个叫欧维的男人决定去死 ,https://book.douban.com/subject/26672693/
78,灿烂千阳 ,https://book.douban.com/subject/2143732/
79,孽子 ,https://book.douban.com/subject/5337254/
80,唐诗三百首,https://book.douban.com/subject/1013267/
81,人间词话,https://book.douban.com/subject/1203426/
82,最好的告别 : 关于衰老与死亡，你必须知道的常识 ,https://book.douban.com/subject/26576861/
83,美的历程,https://book.douban.com/subject/3410718/
84,窗边的小豆豆 ,https://book.douban.com/subject/1007914/
85,浪潮之巅 ,https://book.douban.com/subject/6709783/
86,呼兰河传 : 1947年版本?原版珍藏,https://book.douban.com/subject/1060852/
87,看见 ,https://book.douban.com/subject/20427187/
88,道德经,https://book.douban.com/subject/1059258/
89,四世同堂,https://book.douban.com/subject/3183775/
90,美丽新世界 ,https://book.douban.com/subject/27002046/
91,爱你就像爱生命,https://book.douban.com/subject/3071717/
92,罪与罚,https://book.douban.com/subject/1858568/
93,刘擎西方现代思想讲义,https://book.douban.com/subject/35313227/
94,我们仨,https://book.douban.com/subject/19958089/
95,离开的，留下的 : 那不勒斯四部曲3 ,https://book.douban.com/subject/27104959/
96,冬牧场 ,https://book.douban.com/subject/10522856/
97,教父,https://book.douban.com/subject/1092335/
98,海子的诗,https://book.douban.com/subject/1011754/
99,巨人的陨落 : 世纪三部曲 ,https://book.douban.com/subject/26698660/
100,人生的枷锁,https://book.douban.com/subject/2035171/
101,看不见的城市 ,https://book.douban.com/subject/10555509/
102,人生的智慧,https://book.douban.com/subject/3261600/
103,叫魂 : 1768年中国妖术大恐慌,https://book.douban.com/subject/10471333/
104,飞鸟集,https://book.douban.com/subject/1058661/
105,斯通纳 ,https://book.douban.com/subject/26425831/
106,鹿鼎记,https://book.douban.com/subject/1212893/
107,梦里花落知多少,https://book.douban.com/subject/2070844/
108,棋王・树王・孩子王 : 阿城文集 之一,https://book.douban.com/subject/26734559/
109,绝叫 ,https://book.douban.com/subject/35031587/
110,陆犯焉识,https://book.douban.com/subject/6880158/
111,这些人，那些事 ,https://book.douban.com/subject/6388661/
112,边城,https://book.douban.com/subject/1057244/
113,失明症漫记,https://book.douban.com/subject/20428302/
114,也许你该找个人聊聊 ,https://book.douban.com/subject/35481512/
115,金色梦乡,https://book.douban.com/subject/5038409/
116,受戒 : 汪曾祺自选集,https://book.douban.com/subject/1760432/
117,时间简史 : 插图本,https://book.douban.com/subject/1034282/
118,毛泽东选集 第一卷,https://book.douban.com/subject/1139360/
119,王尔德童话,https://book.douban.com/subject/1119839/
120,小径分岔的花园 ,https://book.douban.com/subject/25796120/
121,你当像鸟飞往你的山,https://book.douban.com/subject/33440205/
122,十万个为什么,https://book.douban.com/subject/2160556/
123,昨日的世界 : 一个欧洲人的回忆,https://book.douban.com/subject/1062343/
124,克莱因壶 ,https://book.douban.com/subject/33658616/
125,桶川跟踪狂杀人事件 ,https://book.douban.com/subject/35094680/
126,故事 : 材质・结构・风格和银幕剧作的原理 ,https://book.douban.com/subject/25976544/
127,人间草木,https://book.douban.com/subject/1253310/
128,茶馆,https://book.douban.com/subject/1036613/
129,绿毛水怪,https://book.douban.com/subject/3518332/
130,史大V（上下）,https://book.douban.com/subject/1046492/
131,一个陌生女人的来信,https://book.douban.com/subject/2154960/
132,经济学原理（上下）,https://book.douban.com/subject/1028842/
133,海的女儿,https://book.douban.com/subject/1765512/
134,面纱 ,https://book.douban.com/subject/26757680/
135,阿勒泰的角落,https://book.douban.com/subject/4881850/
136,万水千山走遍,https://book.douban.com/subject/1036490/
137,史蒂夫・乔布斯传 ,https://book.douban.com/subject/6798611/
138,全球通史(上) : 从史前史到21世纪,https://book.douban.com/subject/1922216/
139,长日将尽 ,https://book.douban.com/subject/30142261/
140,13 67 : 浩基作品2,https://book.douban.com/subject/25897884/
141,温柔的夜,https://book.douban.com/subject/2068249/
142,苏菲的世界 ,https://book.douban.com/subject/2284311/
143,我的天才女友 : 那不勒斯四部曲1 ,https://book.douban.com/subject/26878124/
144,德米安 : 埃米尔・辛克莱的彷徨少年时,https://book.douban.com/subject/3578470/
145,爱的艺术,https://book.douban.com/subject/3026879/
146,少年凯歌,https://book.douban.com/subject/1091203/
147,霸王别姬,https://book.douban.com/subject/1088711/
148,亮剑 ,https://book.douban.com/subject/1088022/
149,不能承受的生命之轻 : 中文全译本百万纪念版,https://book.douban.com/subject/4920007/
150,古文观止,https://book.douban.com/subject/1014561/
151,我不知道该说什么，关于死亡还是爱情 : 来自切尔诺贝利的声音,https://book.douban.com/subject/25884880/
152,遥远的向日葵地,https://book.douban.com/subject/27184303/
153,我也有一个梦想 : 近距离看美国之三 ,https://book.douban.com/subject/1014825/
154,球状闪电,https://book.douban.com/subject/1192090/
155,强风吹拂,https://book.douban.com/subject/26210487/
156,一句顶一万句 ,https://book.douban.com/subject/3633461/
157,激荡三十年（上） : 中国企业1978-2008 ,https://book.douban.com/subject/1970428/
158,鹿川有许多粪,https://book.douban.com/subject/35517022/
159,我的阿勒泰,https://book.douban.com/subject/4884218/
160,海风中失落的血色馈赠,https://book.douban.com/subject/26357614/
161,草房子,https://book.douban.com/subject/1052990/
162,社会心理学 : （第8版） ,https://book.douban.com/subject/1476651/
163,倾城之恋,https://book.douban.com/subject/1985223/
164,天朝的崩溃 : 鸦片战争再研究,https://book.douban.com/subject/1675478/
165,麦琪的礼物 : 欧・亨利短篇小说经典,https://book.douban.com/subject/1051193/
166,安娜・卡列尼娜,https://book.douban.com/subject/2253380/
167,浮生六记,https://book.douban.com/subject/1088581/
168,九州・缥缈录,https://book.douban.com/subject/1321017/
169,孩子你慢慢来,https://book.douban.com/subject/4207781/
170,万物有灵且美,https://book.douban.com/subject/4187411/
171,情书,https://book.douban.com/subject/1080370/
172,恶意,https://book.douban.com/subject/26877752/
173,送你一颗子弹,https://book.douban.com/subject/4238362/
174,渴望生活 : 梵高传,https://book.douban.com/subject/3054821/
175,尼罗河上的惨案,https://book.douban.com/subject/1818347/
176,银河系漫游指南,https://book.douban.com/subject/1394364/
177,2001：太空漫游 : 《太空漫游四部曲》第1部 ,https://book.douban.com/subject/30471298/
178,额尔古纳河右岸,https://book.douban.com/subject/3311253/
179,理想国,https://book.douban.com/subject/1004821/
180,罗生门,https://book.douban.com/subject/3136271/
181,一桩事先张扬的凶杀案,https://book.douban.com/subject/24382569/
182,野火集 : 二十年纪念版,https://book.douban.com/subject/1426971/
183,冰与火之歌 : （1-5卷：权力的游戏、列王的纷争、冰雨的风暴、群鸦的盛宴、魔龙的狂,https://book.douban.com/subject/25826936/
184,雨季不再来,https://book.douban.com/subject/2136140/
185,倚天屠龙记,https://book.douban.com/subject/1070851/
186,半生缘,https://book.douban.com/subject/1963684/
187,孙子兵法,https://book.douban.com/subject/1949420/
188,当呼吸化为空气 ,https://book.douban.com/subject/26896859/
189,最好的我们 ,https://book.douban.com/subject/24754316/
190,雷雨,https://book.douban.com/subject/1013416/
191,荒原狼,https://book.douban.com/subject/3131626/
192,你好，旧时光（上 下）,https://book.douban.com/subject/4166819/
193,天生有罪 : 特雷弗・诺亚的变色人生 ,https://book.douban.com/subject/30125030/
194,枪炮、病菌与钢铁 : 人类社会的命运 ,https://book.douban.com/subject/1813841/
195,一千零一夜,https://book.douban.com/subject/1035848/
196,银河帝国：基地七部曲 : 百万册纪念版,https://book.douban.com/subject/26389895/
197,水浒传（全二册） ,https://book.douban.com/subject/1008357/
198,论语,https://book.douban.com/subject/1964774/
199,你一生的故事 : 特德・姜科幻小说集 ,https://book.douban.com/subject/26295448/
200,象棋的故事,https://book.douban.com/subject/2158684/
201,上学记,https://book.douban.com/subject/1859140/
202,亲爱的安德烈 ,https://book.douban.com/subject/3369793/
203,总统是靠不住的 : 近距离看美国之二 ,https://book.douban.com/subject/1056315/
204,顾城的诗,https://book.douban.com/subject/1033825/
205,目送 ,https://book.douban.com/subject/3995526/
206,解忧杂货店,https://book.douban.com/subject/25862578/
207,雕刻时光,https://book.douban.com/subject/26435510/
208,庄子,https://book.douban.com/subject/2046236/
209,火星救援 ,https://book.douban.com/subject/26586492/
210,认识电影 : 插图第11版,https://book.douban.com/subject/2326403/
211,现代艺术150年 : 一个未完成的故事 ,https://book.douban.com/subject/26854318/
212,从零开始的女性主义 ,https://book.douban.com/subject/35523099/
213,毛姆短篇小说精选集 ,https://book.douban.com/subject/10774752/
214,二手时间 ,https://book.douban.com/subject/26704403/
215,众病之王 : 癌症传 ,https://book.douban.com/subject/20507206/
216,从一到无穷大 : 科学中的事实和臆测,https://book.douban.com/subject/1102715/
217,荆棘鸟,https://book.douban.com/subject/1086249/
218,青铜时代 : 时代三部曲 ,https://book.douban.com/subject/1085883/
219,骆驼祥子,https://book.douban.com/subject/1043815/
220,规训与惩罚 : 监狱的诞生,https://book.douban.com/subject/1012307/
221,中国哲学简史,https://book.douban.com/subject/1021273/
222,此生未完成 : 一个母亲、妻子、女儿的生命日记,https://book.douban.com/subject/6397275/
223,金锁记,https://book.douban.com/subject/3017857/
224,东晋门阀政治 ,https://book.douban.com/subject/10758290/
225,香水 : 一个谋杀犯的故事 ,https://book.douban.com/subject/3815125/
226,时间的秩序,https://book.douban.com/subject/33424487/
227,正见 : 佛陀的证悟 ,https://book.douban.com/subject/1963912/
228,不存在的骑士 ,https://book.douban.com/subject/6789551/
229,了不起的盖茨比 ,https://book.douban.com/subject/10738023/
230,夏洛的网,https://book.douban.com/subject/1036274/
231,如彗星划过夜空 : 近距离看美国之四,https://book.douban.com/subject/1762869/
232,繁花,https://book.douban.com/subject/22714154/
233,如父如子 ,https://book.douban.com/subject/27611824/
234,哈姆莱特,https://book.douban.com/subject/1006197/
235,步履不停 ,https://book.douban.com/subject/26963321/
236,会饮篇,https://book.douban.com/subject/21570668/
237,地下室手记 ,https://book.douban.com/subject/34990839/
238,平面国 : 多维空间传奇往事 ,https://book.douban.com/subject/35170896/
239,黑箱 : 日本之耻 ,https://book.douban.com/subject/30484795/
240,稻草人手记,https://book.douban.com/subject/3607117/
241,民主的细节 : 美国当代政治观察随笔 ,https://book.douban.com/subject/3813669/
242,给青年诗人的信 : 雅众・文学馆 ,https://book.douban.com/subject/26685994/
243,亲密关系（第6版）,https://book.douban.com/subject/26585065/
244,一间只属于自己的房间 ,https://book.douban.com/subject/34835082/
245,黑客与画家 : 硅谷创业之父Paul Graham文集 ,https://book.douban.com/subject/6021440/
246,显微镜下的大明,https://book.douban.com/subject/30414743/
247,牡丹亭,https://book.douban.com/subject/1073708/
248,张爱玲文集,https://book.douban.com/subject/1004992/
249,被讨厌的勇气 : “自我启发之父”阿德勒的哲学课,https://book.douban.com/subject/26369699/
250,消失的13级台阶 ,https://book.douban.com/subject/34996429/
